<?xml version="1.0" encoding="UTF-8"?>
<configurationDescriptor version="97">
  <logicalFolder name="root" displayName="root" projectFiles="true" kind="ROOT">
    <df root="." name="0">
      <df name="extract">
        <in>main.cpp</in>
        <in>outil.cpp</in>
        <in>outil.h</in>
      </df>
    </df>
    <logicalFolder name="ExternalFiles"
                   displayName="Important Files"
                   projectFiles="false"
                   kind="IMPORTANT_FILES_FOLDER">
      <itemPath>CMakeLists.txt</itemPath>
      <itemPath>Makefile</itemPath>
      <itemPath>nbproject/private/launcher.properties</itemPath>
    </logicalFolder>
  </logicalFolder>
  <sourceFolderFilter>^(nbproject)$</sourceFolderFilter>
  <sourceRootList>
    <Elem>.</Elem>
  </sourceRootList>
  <projectmakefile>Makefile</projectmakefile>
  <confs>
    <conf name="Default" type="0">
      <toolsSet>
        <compilerSet>default</compilerSet>
        <dependencyChecking>false</dependencyChecking>
        <rebuildPropChanged>false</rebuildPropChanged>
      </toolsSet>
      <flagsDictionary>
        <element flagsID="0" commonFlags="-std=c++11"/>
      </flagsDictionary>
      <codeAssistance>
      </codeAssistance>
      <makefileType>
        <makeTool>
          <buildCommandWorkingDir>.</buildCommandWorkingDir>
          <buildCommand>${MAKE} -f Makefile</buildCommand>
          <cleanCommand>${MAKE} -f Makefile clean</cleanCommand>
          <executablePath>CMakeFiles/feature_tests.bin</executablePath>
          <ccTool>
            <incDir>
              <pElem>extract/include</pElem>
              <pElem>/usr/local/include/opencv</pElem>
              <pElem>/usr/local/include</pElem>
              <pElem>/usr/local/include/tesseract</pElem>
              <pElem>/usr/include/leptonica</pElem>
              <pElem>.</pElem>
            </incDir>
          </ccTool>
        </makeTool>
        <preBuild>
          <preBuildCommandWorkingDir>.</preBuildCommandWorkingDir>
          <preBuildCommand>cmake -G "Unix Makefiles" -DCMAKE_BUILD_TYPE=Debug -DCMAKE_C_COMPILER=${IDE_CC} -DCMAKE_CXX_COMPILER=${IDE_CXX} -DCMAKE_C_FLAGS_DEBUG="-g3 -gdwarf-2" -DCMAKE_CXX_FLAGS_DEBUG="-g3 -gdwarf-2" -DCMAKE_EXPORT_COMPILE_COMMANDS=ON .</preBuildCommand>
        </preBuild>
      </makefileType>
      <item path="extract/main.cpp" ex="false" tool="1" flavor2="8">
        <ccTool flags="0">
        </ccTool>
      </item>
      <item path="extract/outil.cpp" ex="false" tool="1" flavor2="0">
      </item>
      <item path="extract/outil.h" ex="false" tool="3" flavor2="0">
      </item>
    </conf>
  </confs>
</configurationDescriptor>
