<?xml version="1.0" encoding="UTF-8"?>
<configurationDescriptor version="97">
  <logicalFolder name="root" displayName="root" projectFiles="true" kind="ROOT">
    <df root="." name="0">
      <df name=".bundle">
      </df>
      <df name="bin">
      </df>
      <df name="build">
        <df name="bin">
        </df>
        <df name="CMakeFiles">
          <df name="3.5.1">
            <df name="CompilerIdC">
              <in>CMakeCCompilerId.c</in>
            </df>
            <df name="CompilerIdCXX">
              <in>CMakeCXXCompilerId.cpp</in>
            </df>
          </df>
          <df name="CMakeTmp">
          </df>
          <df name="extract.dir">
            <df name="extract">
            </df>
          </df>
          <in>feature_tests.c</in>
          <in>feature_tests.cxx</in>
        </df>
      </df>
      <df name="CMakeFiles">
        <df name="3.5.1">
          <df name="CompilerIdC">
            <in>CMakeCCompilerId.c</in>
          </df>
          <df name="CompilerIdCXX">
            <in>CMakeCXXCompilerId.cpp</in>
          </df>
        </df>
        <df name="CMakeTmp">
        </df>
        <df name="extract.dir">
          <df name="extract">
          </df>
        </df>
        <in>feature_tests.c</in>
        <in>feature_tests.cxx</in>
      </df>
      <df name="extract">
        <in>main.cpp</in>
        <in>outil.cpp</in>
        <in>outil.h</in>
      </df>
      <df name="lines">
      </df>
      <df name="tessdata">
        <df name="configs">
        </df>
        <df name="tessconfigs">
        </df>
      </df>
      <in>main (copy).cpp</in>
    </df>
  </logicalFolder>
  <projectmakefile>Makefile</projectmakefile>
  <confs>
    <conf name="Default" type="0">
      <toolsSet>
        <developmentServer>localhost</developmentServer>
        <platform>2</platform>
      </toolsSet>
      <compile>
        <compiledirpicklist>
          <compiledirpicklistitem>.</compiledirpicklistitem>
          <compiledirpicklistitem>${AUTO_FOLDER}</compiledirpicklistitem>
        </compiledirpicklist>
        <compiledir>${AUTO_FOLDER}</compiledir>
        <compilecommandpicklist>
          <compilecommandpicklistitem>${MAKE} ${ITEM_NAME}.o</compilecommandpicklistitem>
          <compilecommandpicklistitem>${AUTO_COMPILE}</compilecommandpicklistitem>
        </compilecommandpicklist>
        <compilecommand>${AUTO_COMPILE}</compilecommand>
      </compile>
      <dbx_gdbdebugger version="1">
        <gdb_pathmaps>
        </gdb_pathmaps>
        <gdb_interceptlist>
          <gdbinterceptoptions gdb_all="false" gdb_unhandled="true" gdb_unexpected="true"/>
        </gdb_interceptlist>
        <gdb_options>
          <DebugOptions>
          </DebugOptions>
        </gdb_options>
        <gdb_buildfirst gdb_buildfirst_overriden="false" gdb_buildfirst_old="false"/>
      </dbx_gdbdebugger>
      <nativedebugger version="1">
        <engine>gdb</engine>
      </nativedebugger>
      <runprofile version="9">
        <runcommandpicklist>
          <runcommandpicklistitem>"${OUTPUT_PATH}"</runcommandpicklistitem>
        </runcommandpicklist>
        <runcommand>"${OUTPUT_PATH}"</runcommand>
        <rundir>.</rundir>
        <buildfirst>false</buildfirst>
        <terminal-type>0</terminal-type>
        <remove-instrumentation>0</remove-instrumentation>
        <environment>
        </environment>
      </runprofile>
    </conf>
  </confs>
</configurationDescriptor>
